id,name,model_id:id,group_id:id,perm_read,perm_write,perm_create,perm_unlink
access_company_profile_settings,company.profile.settings,model_wof_company_profile,yousentech_wo_v4.group_wo_settings,1,1,1,0
access_company_profile_manager,company.profile.manager,model_wof_company_profile,yousentech_wo_v4.group_wo_manager,1,0,0,0
access_company_profile_employee,company.profile.employee,model_wof_company_profile,yousentech_wo_v4.group_wo_employee,1,0,0,0
access_setup_size_line_settings,setup.size.line.settings,model_wof_setup_size_line,yousentech_wo_v4.group_wo_settings,1,1,1,0
access_setup_activity_line_settings,setup.activity.line.settings,model_wof_setup_activity_line,yousentech_wo_v4.group_wo_settings,1,1,1,1
access_setup_activity_dialog_settings,setup.activity.dialog.settings,model_wof_setup_activity_dialog,yousentech_wo_v4.group_wo_settings,1,1,1,1
access_setup_service_line_settings,setup.service.line.settings,model_wof_setup_service_line,yousentech_wo_v4.group_wo_settings,1,1,1,0
access_setup_template_settings,setup.template.settings,model_wof_setup_template,yousentech_wo_v4.group_wo_settings,1,0,0,0
access_setup_template_part_settings,setup.template.part.settings,model_wof_setup_template_part,yousentech_wo_v4.group_wo_settings,1,0,0,0
access_audit_log_manager,audit.log.manager,model_wof_audit_log,yousentech_wo_v4.group_wo_manager,1,0,0,0
access_product_template_wo_manager,product.template.wo.manager,product.model_product_template,yousentech_wo_v4.group_wo_manager,1,1,1,0
access_product_product_wo_manager,product.product.wo.manager,product.model_product_product,yousentech_wo_v4.group_wo_manager,1,1,1,0
access_account_tax_wo_manager,account.tax.wo.manager,account.model_account_tax,yousentech_wo_v4.group_wo_manager,1,0,0,0
access_service_type_user,service.type.user,model_wof_service_type,yousentech_wo_v4.group_wo_employee,1,0,0,0
access_service_type_manager,service.type.manager,model_wof_service_type,yousentech_wo_v4.group_wo_manager,1,1,1,0
access_film_category_user,film.category.user,model_wof_film_category,yousentech_wo_v4.group_wo_employee,1,0,0,0
access_film_category_manager,film.category.manager,model_wof_film_category,yousentech_wo_v4.group_wo_manager,1,1,1,0
access_film_category_lines_manager,film.category.lines.manager,model_wof_film_category_lines,yousentech_wo_v4.group_wo_manager,1,1,1,1
access_film_category_lines_user,film.category.lines.user,model_wof_film_category_lines,yousentech_wo_v4.group_wo_employee,1,0,0,0
access_film_parts_lines_manager,film.parts.lines.manager,model_wof_film_parts_lines,yousentech_wo_v4.group_wo_manager,1,1,1,1
access_film_parts_lines_user,film.parts.lines.user,model_wof_film_parts_lines,yousentech_wo_v4.group_wo_employee,1,0,0,0
access_film_parts_price_lines_manager,film.parts.price.lines.manager,model_wof_film_parts_price_lines,yousentech_wo_v4.group_wo_manager,1,1,1,1
access_film_parts_price_lines_user,film.parts.price.lines.user,model_wof_film_parts_price_lines,yousentech_wo_v4.group_wo_employee,1,0,0,0
access_film_parts_commission_lines_manager,film.parts.commission.lines.manager,model_wof_film_parts_commission_lines,yousentech_wo_v4.group_wo_manager,1,1,1,1
access_film_parts_commission_lines_supervisor,film.parts.commission.lines.supervisor,model_wof_film_parts_commission_lines,yousentech_wo_v4.group_wo_supervisor,1,0,0,0
access_film_parts_commission_lines_accountant,film.parts.commission.lines.accountant,model_wof_film_parts_commission_lines,yousentech_wo_v4.group_wo_accountant,1,0,0,0
access_car_size_user,car.size.user,model_wof_car_size,yousentech_wo_v4.group_wo_employee,1,0,0,0
access_car_size_manager,car.size.manager,model_wof_car_size,yousentech_wo_v4.group_wo_manager,1,1,1,0
access_car_parts_user,car.parts.user,model_wof_car_parts,yousentech_wo_v4.group_wo_employee,1,0,0,0
access_car_parts_manager,car.parts.manager,model_wof_car_parts,yousentech_wo_v4.group_wo_manager,1,1,1,0
access_car_type_manager,car.type.manager,model_wof_car_type,yousentech_wo_v4.group_wo_manager,1,1,1,0
access_car_type_user,car.type.user,model_wof_car_type,yousentech_wo_v4.group_wo_employee,1,0,0,0
access_car_manufactory_manager,car.manufactory.manager,model_wof_car_manufactory,yousentech_wo_v4.group_wo_manager,1,1,1,0
access_car_manufactory_user,car.manufactory.user,model_wof_car_manufactory,yousentech_wo_v4.group_wo_employee,1,0,0,0
access_car_manufactory_year_manager,car.manufactory.year.manager,model_wof_car_manufactory_year,yousentech_wo_v4.group_wo_manager,1,1,1,0
access_car_manufactory_year_user,car.manufactory.year.user,model_wof_car_manufactory_year,yousentech_wo_v4.group_wo_employee,1,0,0,0
access_car_agency_manager,car.agency.manager,model_wof_car_agency,yousentech_wo_v4.group_wo_manager,1,1,1,0
access_car_agency_user,car.agency.user,model_wof_car_agency,yousentech_wo_v4.group_wo_employee,1,0,0,0
access_car_part_options_manager,car.part.options.manager,model_wof_car_part_options,yousentech_wo_v4.group_wo_manager,1,1,1,0
access_car_part_options_user,car.part.options.user,model_wof_car_part_options,yousentech_wo_v4.group_wo_employee,1,0,0,0
access_parts_transparency_level_manager,parts.transparency.level.manager,model_wof_parts_transparency_level,yousentech_wo_v4.group_wo_manager,1,0,0,0
access_parts_transparency_level_user,parts.transparency.level.user,model_wof_parts_transparency_level,yousentech_wo_v4.group_wo_employee,1,0,0,0
access_installation_order_employee,installation.order.employee,model_wof_installation_order,yousentech_wo_v4.group_wo_employee,1,0,0,0
access_installation_order_reception,installation.order.reception,model_wof_installation_order,yousentech_wo_v4.group_wo_user,1,1,1,0
access_installation_order_technician,installation.order.technician,model_wof_installation_order,yousentech_wo_v4.group_wo_technician,1,1,0,0
access_installation_order_supervisor,installation.order.supervisor,model_wof_installation_order,yousentech_wo_v4.group_wo_supervisor,1,1,1,0
access_installation_order_line_employee,installation.order.line.employee,model_wof_installation_order_line,yousentech_wo_v4.group_wo_employee,1,0,0,0
access_installation_order_line_reception,installation.order.line.reception,model_wof_installation_order_line,yousentech_wo_v4.group_wo_user,1,1,1,1
access_installation_order_line_technician,installation.order.line.technician,model_wof_installation_order_line,yousentech_wo_v4.group_wo_technician,1,1,0,0
access_installation_order_line_supervisor,installation.order.line.supervisor,model_wof_installation_order_line,yousentech_wo_v4.group_wo_supervisor,1,1,1,1
access_installation_material_employee,installation.material.employee,model_wof_installation_material_line,yousentech_wo_v4.group_wo_employee,1,0,0,0
access_installation_material_technician,installation.material.technician,model_wof_installation_material_line,yousentech_wo_v4.group_wo_technician,1,1,1,1
access_installation_material_supervisor,installation.material.supervisor,model_wof_installation_material_line,yousentech_wo_v4.group_wo_supervisor,1,1,1,1
access_installation_event_employee,installation.event.employee,model_wof_installation_order_event,yousentech_wo_v4.group_wo_employee,1,0,0,0
access_wof_setup_size_dialog,wof.setup.size.dialog,model_wof_setup_size_dialog,yousentech_wo_v4.group_wo_settings,1,1,1,1
access_setup_tint_shade_line_settings,setup.tint.shade.line.settings,model_wof_setup_tint_shade_line,yousentech_wo_v4.group_wo_settings,1,1,1,1
access_tint_degree_employee,tint.degree.employee,model_wof_tint_degree,yousentech_wo_v4.group_wo_employee,1,0,0,0
access_tint_degree_manager,tint.degree.manager,model_wof_tint_degree,yousentech_wo_v4.group_wo_manager,1,1,1,0
access_tint_degree_settings,tint.degree.settings,model_wof_tint_degree,yousentech_wo_v4.group_wo_settings,1,1,1,1
